label,probability
On Time,0.8751406073570251
Late,0.12485938519239426